PROPERTY TYPE,ADDRESS,CITY,STATE OR PROVINCE,ZIP OR POSTAL CODE,PRICE,BEDS,BATHS,LOCATION,SQUARE FEET,LOT SIZE,YEAR BUILT,DAYS ON MARKET,DOLLAR PER SQUARE FEET,HOA PER MONTH,URL,LATITUDE,LONGITUDE
,,,,,,,,,,,,,,,,,
Single Family Residential,5 Burgess Ct,Hillsborough,NC,27278,645000,4,2.5,Hardscrabble,2667,43995,2000,13,242,131,https://www.redfin.com/NC/Hillsborough/5-Burgess-Ct-27278/home/43590357,36.1328831,-78.9602219
Mobile/Manufactured Home,2307 St Mary's Rd,Hillsborough,NC,27278,226500,3,2,Not in a Subdivision,1344,92347,1996,8,169,,https://www.redfin.com/NC/Hillsborough/2307-St-Marys-Rd-27278/home/43581425,36.1214131,-78.9503219
Single Family Residential,2603 Red Pine Rd,Hillsborough,NC,27278,400000,3,2,Oak Ridge,1604,40075,1983,8,249,,https://www.redfin.com/NC/Hillsborough/2603-Red-Pine-Rd-27278/home/43580399,36.1169574,-78.955078
Single Family Residential,309 Appaloosa Trl,Bahama,NC,27503,600000,4,2.5,Black Horse Run,3262,47045,1988,6,184,73,https://www.redfin.com/NC/Bahama/309-Appaloosa-Trl-27503/home/43583397,36.1755447,-78.8963386
Single Family Residential,7723 Johnson Mill Rd,Bahama,NC,27503,770000,4,2,Not in a Subdivision,2570,1160002,1957,14,300,,https://www.redfin.com/NC/Bahama/7723-Johnson-Mill-Rd-27503/home/162849204,36.1430053,-78.9274205
Single Family Residential,2819 Ellis Chapel Rd,Bahama,NC,27503,622500,3,3,Not in a Subdivision,2488,219106,2000,1,250,,https://www.redfin.com/NC/Bahama/2819-Ellis-Chapel-Rd-27503/home/162849528,36.1789424,-78.8263715
Single Family Residential,524 Preston Andrews Rd,Bahama,NC,27503,475000,3,2.5,Not in a Subdivision,1760,101059,1995,9,270,,https://www.redfin.com/NC/Bahama/524-Preston-Andrews-Rd-27503/home/43585768,36.1293395,-78.912997
Single Family Residential,9614 Quail Roost Rd,Bahama,NC,27503,300000,2,2,Not in a Subdivision,1066,98010,1976,9,281,,https://www.redfin.com/NC/Bahama/9614-Quail-Roost-Rd-27503/home/43583977,36.1776187,-78.8847185
Single Family Residential,1514 John Jones Rd,Bahama,NC,27503,585000,3,3.5,Not in a Subdivision,3049,153766,1991,1,192,,https://www.redfin.com/NC/Bahama/1514-John-Jones-Rd-27503/home/43583365,36.1473775,-78.8765459
Single Family Residential,120 Chapel Run Way,Chapel Hill,NC,27517,625000,3,2.5,Chapel Run,2188,4356,2017,7,286,62,https://www.redfin.com/NC/Chapel-Hill/120-Chapel-Run-Way-27517/home/147232433,35.911573,-78.990215
Single Family Residential,306 Crossland Dr,Chapel Hill,NC,27517,690000,4,3,Chapel Run,2606,4356,2019,1,265,53,https://www.redfin.com/NC/Chapel-Hill/306-Crossland-Dr-27517/home/143078058,35.910963,-78.992867
Condo/Co-op,240 Brookberry Cir,Chapel Hill,NC,27517,349900,3,2.5,FINLEY FOREST CONDOS,1480,,1987,7,236,289,https://www.redfin.com/NC/Chapel-Hill/240-Brookberry-Cir-27517/home/44409174,35.9003436,-79.0098608
Condo/Co-op,294 Summerwalk Cir,Chapel Hill,NC,27517,299000,2,2,Finley Forest Condos,952,,1984,14,314,228,https://www.redfin.com/NC/Chapel-Hill/294-Summerwalk-Cir-27517/home/183284387,35.897546,-79.0102003
Condo/Co-op,192 Summerwalk Cir,Chapel Hill,NC,27517,230000,2,2,Finley Forest Condos,980,,1984,5,235,207,https://www.redfin.com/NC/Chapel-Hill/192-Summerwalk-Cir-27517/home/183298197,35.8967541,-79.0098668
Condo/Co-op,497 Summerwalk Cir #497,Chapel Hill,NC,27517,350000,3,2.5,Finley Forest Condos,1443,20908,1989,19,243,240,https://www.redfin.com/NC/Chapel-Hill/497-Summerwalk-Cir-27517/unit-497/home/43550000,35.8968761,-79.0087001
Single Family Residential,204 Mill Chapel Rd,Chapel Hill,NC,27517,725000,3,2.5,Montclair,2646,6098,2018,1,274,87,https://www.redfin.com/NC/Chapel-Hill/204-Mill-Chapel-Rd-27517/home/110075566,35.886403,-78.9915699
Townhouse,1038 Zelkova Ln,Chapel Hill,NC,27517,504152,4,3.5,Twinleaf Townes,2205,1782,2025,1,229,160,https://www.redfin.com/NC/Chapel-Hill/1038-Zelkova-Ln-27517/home/193446379,35.9143468,-78.9873157
Condo/Co-op,5144 Niagra Dr,Chapel Hill,NC,27517,785000,3,3,Villas at Culp Arbor,2692,15246,2017,20,292,400,https://www.redfin.com/NC/Chapel-Hill/5144-Niagra-Dr-27517/home/144673815,35.925776,-78.9912403
Single Family Residential,306 Mainline Station Dr,Morrisville,NC,27560,550000,4,3.5,Keystone Crossing,2676,4356,2010,7,206,45,https://www.redfin.com/NC/Morrisville/306-Mainline-Station-Dr-27560/home/43610048,35.8678677,-78.8555998
Townhouse,5122 Jessip St,Morrisville,NC,27560,421900,3,2.5,Page Park,1998,2614,2020,8,211,205,https://www.redfin.com/NC/Morrisville/5122-Jessip-St-27560/home/170068411,35.8890585,-78.8291626
Single Family Residential,623 Chambers Rd,Rougemont,NC,27572,560000,3,2,Not in a Subdivision,1519,944816,1961,1,369,,https://www.redfin.com/NC/Rougemont/623-Chambers-Rd-27572/home/162876738,36.217163,-78.942493
Single Family Residential,5420 Roan Mountain Pl,Raleigh,NC,27613,365000,2,2,Harrington Meadows,974,5663,2001,6,375,48,https://www.redfin.com/NC/Raleigh/5420-Roan-Mountain-Pl-27613/home/43592911,35.9358332,-78.7445328
Condo/Co-op,807 W Trinity Ave #144,Durham,NC,27701,269000,1,1,Duke Tower Condominiums,538,177637,1972,14,500,378,https://www.redfin.com/NC/Durham/807-W-Trinity-Ave-27701/unit-144/home/43598511,36.0048026,-78.9046462
Condo/Co-op,130 Hunt St #107,Durham,NC,27701,695000,2,2,Durham Central Park Cohousing Community,1450,,2014,20,479,949,https://www.redfin.com/NC/Durham/130-Hunt-St-27701/unit-107/home/103501662,36.000216,-78.899057
Single Family Residential,913 Washington St,Durham,NC,27701,560000,3,2.5,Erwin Mills,1415,5663,1950,6,396,,https://www.redfin.com/NC/Durham/913-Washington-St-27701/home/43521867,36.0064655,-78.9015964
Condo/Co-op,506 N Mangum St #402,Durham,NC,27701,325000,1,1,Mangum 506 Condominium,654,,2009,7,497,232,https://www.redfin.com/NC/Durham/506-N-Mangum-St-27701/unit-402/home/43613065,35.9984103,-78.897525
Condo/Co-op,101 Morris St Unit D,Durham,NC,27701,1095000,1,2,Not in a Subdivision,1958,,1900,18,559,459,https://www.redfin.com/NC/Durham/101-Morris-St-27701/unit-D/home/169617492,35.997113,-78.903672
Single Family Residential,212 Northwood Cir,Durham,NC,27701,475000,2,1,Not in a Subdivision,911,5227,1940,12,521,,https://www.redfin.com/NC/Durham/212-Northwood-Cir-27701/home/43522727,36.00317,-78.8969407
Single Family Residential,214 Northwood Cir,Durham,NC,27701,450000,2,1,Not in a Subdivision,959,4791,1940,12,469,,https://www.redfin.com/NC/Durham/214-Northwood-Cir-27701/home/43522735,36.0031705,-78.8971468
Single Family Residential,116 Laurel Ave,Durham,NC,27701,339000,3,2,Not in a Subdivision,1188,4792,2021,6,285,,https://www.redfin.com/NC/Durham/116-Laurel-Ave-27701/home/43606222,35.9872544,-78.8895682
Single Family Residential,801 N Elm St,Durham,NC,27701,799900,4,2.5,Not in a Subdivision,2136,5227,2025,13,374,,https://www.redfin.com/NC/Durham/801-N-Elm-St-27701/home/43525252,35.9936601,-78.8875147
Single Family Residential,805 Camden Ave,Durham,NC,27701,575000,3,3,Not in a Subdivision,1890,7405,1963,13,304,,https://www.redfin.com/NC/Durham/805-Camden-Ave-27701/home/43525147,36.0108169,-78.8856994
Single Family Residential,1521 N Duke St,Durham,NC,27701,480000,3,1,Not in a Subdivision,1046,8712,1951,9,459,,https://www.redfin.com/NC/Durham/1521-N-Duke-St-27701/home/43519759,36.0163253,-78.9057745
Single Family Residential,813 Burch Ave,Durham,NC,27701,992000,3,2.5,Not in a Subdivision,2305,10018,1907,1,430,,https://www.redfin.com/NC/Durham/813-Burch-Ave-27701/home/43531307,35.9979971,-78.9156623
Single Family Residential,631 Linfield Dr,Durham,NC,27701,975000,4,4,Not in a Subdivision,2904,8712,2019,14,336,,https://www.redfin.com/NC/Durham/631-Linfield-Dr-27701/home/43521789,36.0177463,-78.9006872
Single Family Residential,901 Linwood Ave,Durham,NC,27701,308000,2,2.5,Not in a Subdivision,1075,,2025,20,287,,https://www.redfin.com/NC/Durham/901-Linwood-Ave-27701/home/193446515,35.9802377,-78.8940581
Single Family Residential,909 N Gregson St,Durham,NC,27701,2579000,5,5.5,Not in a Subdivision,5476,8276,1920,13,471,,https://www.redfin.com/NC/Durham/909-N-Gregson-St-27701/home/43519346,36.0095787,-78.9085461
Single Family Residential,1502 Washington St,Durham,NC,27701,695000,3,2,Not in a Subdivision,3024,16988,1955,6,230,,https://www.redfin.com/NC/Durham/1502-Washington-St-27701/home/43521622,36.0139963,-78.8986155
Single Family Residential,1000 Lamond Ave,Durham,NC,27701,900000,5,2.5,Not in a Subdivision,2904,8712,1909,13,310,,https://www.redfin.com/NC/Durham/1000-Lamond-Ave-27701/home/43523016,36.0025235,-78.9093088
Single Family Residential,903 Linwood Ave,Durham,NC,27701,324000,3,2.5,Not in a Subdivision,1195,,2025,20,271,,https://www.redfin.com/NC/Durham/903-Linwood-Ave-27701/home/193446516,35.9801683,-78.8939959
Multi-Family (2-4 Unit),208 E Geer St,Durham,NC,27701,395000,4,2,Not in a Subdivision,1490,11325,1958,2,265,,https://www.redfin.com/NC/Durham/208-E-Geer-St-27701/home/43597342,36.003121,-78.8923999
Single Family Residential,1100 Chester St,Durham,NC,27701,424900,3,2,Obriant Place,1323,3485,1930,12,321,,https://www.redfin.com/NC/Durham/1100-Chester-St-27701/home/43526350,35.9964137,-78.8825404
Single Family Residential,1402 Robinhood Rd,Durham,NC,27701,276500,2,1,Sherwood Forest,808,12632,1940,10,342,,https://www.redfin.com/NC/Durham/1402-Robinhood-Rd-27701/home/43528614,36.0002739,-78.8760722
Single Family Residential,618 Price Ave,Durham,NC,27701,699900,4,2.5,Stokesdale,1907,6098,2025,14,367,,https://www.redfin.com/NC/Durham/618-Price-Ave-27701/home/43529812,35.9789839,-78.8972989
Single Family Residential,623 Massey Ave,Durham,NC,27701,395000,3,3.5,Stokesdale,2019,5227,1964,13,196,,https://www.redfin.com/NC/Durham/623-Massey-Ave-27701/home/43532222,35.9800599,-78.8965564
Townhouse,512 Gordon St #1006,Durham,NC,27701,839000,3,3,The Grove,2159,871,2020,8,389,218,https://www.redfin.com/NC/Durham/512-Gordon-St-27701/unit-1006/home/173317927,35.9945219,-78.9101224
Townhouse,512 Gordon St #901,Durham,NC,27701,834990,3,3.5,The Grove,2219,1132,2025,10,376,217,https://www.redfin.com/NC/Durham/512-Gordon-St-27701/unit-901/home/173317921,35.9945219,-78.9101224
Townhouse,512 Gordon St #304,Durham,NC,27701,534990,1,1.5,The Grove,1251,566,2025,10,428,165,https://www.redfin.com/NC/Durham/512-Gordon-St-27701/unit-304/home/182392598,35.9945219,-78.9101224
Single Family Residential,1013 Green St,Durham,NC,27701,597000,3,2,Trinity Park,1566,9147,1920,15,381,,https://www.redfin.com/NC/Durham/1013-Green-St-27701/home/43519963,36.0108746,-78.9094692
Single Family Residential,1015 Watts St,Durham,NC,27701,1875000,4,3,Trinity Park,3854,16117,1928,1,487,,https://www.redfin.com/NC/Durham/1015-Watts-St-27701/home/43523365,36.0111982,-78.911383
Townhouse,124 Shale Creek Dr,Durham,NC,27703,439900,3,2.5,Andrews Chapel,1982,2178,2019,16,222,184,https://www.redfin.com/NC/Durham/124-Shale-Creek-Dr-27703/home/161359215,35.9235398,-78.7770827
Single Family Residential,2100 Curry Meadow Way,Durham,NC,27703,615000,5,3.5,Andrews Chapel,2528,5663,2022,9,243,83,https://www.redfin.com/NC/Durham/2100-Curry-Meadow-Way-27703/home/182393163,35.9270199,-78.7719939
Single Family Residential,7 Bonham Ct,Durham,NC,27703,515000,4,2.5,Ashley Forest,2776,8712,1992,14,186,38,https://www.redfin.com/NC/Durham/7-Bonham-Ct-27703/home/43565154,35.9297053,-78.8226914
Single Family Residential,416 Glenview Ln,Durham,NC,27703,475000,4,2.5,Ashton Hall,2463,6970,2011,15,193,,https://www.redfin.com/NC/Durham/416-Glenview-Ln-27703/home/43613170,35.9626023,-78.823997
Single Family Residential,311 Windrush Ln,Durham,NC,27703,619999,4,2.5,Ashton Hall,3295,8712,2013,20,188,60,https://www.redfin.com/NC/Durham/311-Windrush-Ln-27703/home/49676372,35.9567542,-78.8321076
Single Family Residential,104 Elmsford St,Durham,NC,27703,599900,5,3.5,Ashton Hall,3160,8276,2015,3,190,75,https://www.redfin.com/NC/Durham/104-Elmsford-St-27703/home/103501418,35.9608342,-78.8272036
Townhouse,1029 Mountain Crown St,Durham,NC,27703,331127,3,2.5,Aster Ridge,1359,1742,2024,21,244,89,https://www.redfin.com/NC/Durham/1029-Mountain-Crown-St-27704/home/195503860,36.0067882,-78.8478721
Single Family Residential,1734 Stage Rd,Durham,NC,27703,379000,4,2,Bethesda,1388,20038,1972,13,273,,https://www.redfin.com/NC/Durham/1734-Stage-Rd-27703/home/43564331,35.9472335,-78.8448201
Single Family Residential,1613 Waddell Ct,Durham,NC,27703,625000,4,4.5,Brightleaf at the Park,2860,12197,2013,11,219,108,https://www.redfin.com/NC/Durham/1613-Waddell-Ct-27703/home/43608569,35.954114,-78.827985
Single Family Residential,13 Pegram Ct,Durham,NC,27703,395000,3,2.5,Brightleaf at the Park,1668,12632,2007,1,237,100,https://www.redfin.com/NC/Durham/13-Pegram-Ct-27703/home/43609166,35.9528326,-78.811509
Townhouse,14 Prairie View Ct,Durham,NC,27703,395000,3,3.5,Brightleaf at the Park,2030,1742,2013,13,195,230,https://www.redfin.com/NC/Durham/14-Prairie-View-Ct-27703/home/43610874,35.9490123,-78.8136071
Single Family Residential,1811 Sandoval Dr,Durham,NC,27703,675000,5,3,Brightleaf at the Park,3394,8712,2020,20,199,66,https://www.redfin.com/NC/Durham/1811-Sandoval-Dr-27703/home/169619499,35.9491687,-78.8100884
Single Family Residential,1816 Sandoval Dr,Durham,NC,27703,700000,6,3,Brightleaf at the Park,3570,7841,2020,15,196,95,https://www.redfin.com/NC/Durham/1816-Sandoval-Dr-27703/home/169619460,35.9497427,-78.8102213
Single Family Residential,1908 Woodsdale Dr,Durham,NC,27703,459500,3,2.5,Brightleaf at the Park,1977,6098,2007,6,232,100,https://www.redfin.com/NC/Durham/1908-Woodsdale-Dr-27703/home/43606003,35.9515929,-78.8141395
Single Family Residential,4 Seawell Ct,Durham,NC,27703,600000,5,3,Brightleaf at the Park,2843,10890,2013,7,211,108,https://www.redfin.com/NC/Durham/4-Seawell-Ct-27703/home/43611004,35.9486414,-78.8256071
Townhouse,313 Carthage Ct,Durham,NC,27703,275000,2,2.5,Brightleaf at the Park,1351,871,2011,13,204,230,https://www.redfin.com/NC/Durham/313-Carthage-Ct-27703/home/43612528,35.9497757,-78.8132991
Single Family Residential,831 Poplar St,Durham,NC,27703,475000,5,3,Brightwood Trails,2705,7841,2014,1,176,45,https://www.redfin.com/NC/Durham/831-Poplar-St-27703/home/43609994,35.9609673,-78.8028003
Townhouse,2015 Oakdale Dr,Durham,NC,27703,343642,3,2.5,Brooks Mill,1601,2678,2025,14,215,105,https://www.redfin.com/NC/Durham/2015-Oakdale-DR-27703/home/195578859,35.938744,-78.777784
Townhouse,2027 Oakdale Dr,Durham,NC,27703,337482,3,2.5,Brooks Mill,1359,1742,2025,14,248,105,https://www.redfin.com/NC/Durham/2027-Oakdale-DR-27703/home/195578928,35.939254,-78.777953
Single Family Residential,316 Ibis Ln,Durham,NC,27703,849900,3,2.5,Carolina Arbors,2459,5662,2018,1,346,244,https://www.redfin.com/NC/Durham/316-Ibis-Ln-27703/home/112998504,35.9351397,-78.7925518
Single Family Residential,1520 Palmer Hill Dr,Durham,NC,27703,569000,3,3,Carolina Arbors,2061,5663,2015,1,276,244,https://www.redfin.com/NC/Durham/1520-Palmer-Hill-Dr-27703/home/103501502,35.9373291,-78.7838376
Single Family Residential,112 Manning Way,Durham,NC,27703,622000,3,3,Carolina Arbors,2122,5227,2016,8,293,244,https://www.redfin.com/NC/Durham/112-Manning-Way-27703/home/67995683,35.928785,-78.7835344
Single Family Residential,1522 Palmer Hill Dr,Durham,NC,27703,535000,3,3,Carolina Arbors,2034,5663,2015,13,263,244,https://www.redfin.com/NC/Durham/1522-Palmer-Hill-Dr-27703/home/103501759,35.9372431,-78.7837244
Single Family Residential,219 Rosedale Creek Dr,Durham,NC,27703,474000,2,2.5,Carolina Arbors,1827,5663,2014,1,259,230,https://www.redfin.com/NC/Durham/219-Rosedale-Creek-Dr-27703/home/63682317,35.9268836,-78.7881634
Single Family Residential,1001 Shovelhead Dr #1,Durham,NC,27703,460520,3,2.5,Chandler Run,2301,5662,2025,1,200,118,https://www.redfin.com/NC/Durham/1001-Shovelhead-DR-27703/unit-1/home/195822230,35.990149,-78.838325
Single Family Residential,1002 Shovelhead Dr #58,Durham,NC,27703,416135,3,2.5,Chandler Run,1985,4791,2025,16,210,118,https://www.redfin.com/NC/Durham/1002-Shovelhead-DR-27703/unit-58/home/195552416,35.990598,-78.837781
Townhouse,1905 Hinesley Dr,Durham,NC,27703,373490,3,2.5,Copper Run South,1678,2178,2025,3,223,,https://www.redfin.com/NC/Durham/1905-Hinesley-Rd-27703/home/195782937,35.9438739,-78.8281009
Townhouse,1903 Hinesley Dr,Durham,NC,27703,379490,3,2.5,Copper Run South,1699,2178,2025,3,223,,https://www.redfin.com/NC/Durham/1903-Hinesley-Rd-27703/home/195782912,35.9438739,-78.8281009
Townhouse,1913 Hinesley Dr,Durham,NC,27703,378490,3,2.5,Copper Run South,1699,2178,2025,3,223,,https://www.redfin.com/NC/Durham/1913-Hinesley-Rd-27703/home/195785590,35.9438739,-78.8281009
Townhouse,1917 Hinesley Dr,Durham,NC,27703,383490,3,2.5,Copper Run South,1763,3484,2025,3,218,,https://www.redfin.com/NC/Durham/1917-Hinesley-Rd-27703/home/195785629,35.9438739,-78.8281009
Townhouse,1907 Hinesley Dr,Durham,NC,27703,379490,3,2.5,Copper Run South,1699,2178,2025,3,223,,https://www.redfin.com/NC/Durham/1907-Hinesley-Rd-27703/home/195785428,35.9438739,-78.8281009
Townhouse,1901 Hinesley Dr,Durham,NC,27703,383490,3,2.5,Copper Run South,1763,3484,2025,3,218,,https://www.redfin.com/NC/Durham/1901-Hinesley-Rd-27703/home/195782819,35.9438739,-78.8281009
Townhouse,1915 Hinesley Dr,Durham,NC,27703,374490,3,2.5,Copper Run South,1678,2178,2025,3,223,,https://www.redfin.com/NC/Durham/1915-Hinesley-Rd-27703/home/195785615,35.9438739,-78.8281009
Townhouse,1909 Hinesley Dr,Durham,NC,27703,383490,3,2.5,Copper Run South,1763,3484,2025,3,218,,https://www.redfin.com/NC/Durham/1909-Hinesley-Rd-27703/home/195785565,35.9438739,-78.8281009
Townhouse,708 Blackpool Dr,Durham,NC,27703,637430,3,2.5,Courtyards at Oak Grove,2368,4791,2025,14,269,285,https://www.redfin.com/NC/Durham/708-Blackpool-DR-27703/home/195569250,35.942871,-78.794805
Townhouse,710 Blackpool Dr,Durham,NC,27703,612250,3,2.5,Courtyards at Oak Grove,2410,3920,2025,14,254,285,https://www.redfin.com/NC/Durham/710-Blackpool-DR-27703/home/195571550,35.942984,-78.794614
Single Family Residential,1009 Morrison Dr,Durham,NC,27703,599990,4,3,Creekside at Bethpage,2213,5663,2022,1,271,262,https://www.redfin.com/NC/Durham/1009-Morrison-Dr-27703/home/176504473,35.8995218,-78.8308822
Single Family Residential,805 Narrative Ln,Durham,NC,27703,835000,4,3.5,Creekside at Bethpage,3120,6970,2019,1,268,262,https://www.redfin.com/NC/Durham/805-Narrative-Ln-27703/home/169619112,35.9058622,-78.831921
Single Family Residential,1033 Cuthbert Ln,Durham,NC,27703,469000,2,2,Creekside at Bethpage,1386,4792,2017,8,338,262,https://www.redfin.com/NC/Durham/1033-Cuthbert-Ln-27703/home/113067435,35.9065092,-78.8246315
Single Family Residential,1528 Anthology Dr,Durham,NC,27703,570000,2,2,Creekside at Bethpage,1687,8712,2016,1,338,262,https://www.redfin.com/NC/Durham/1528-Anthology-Dr-27703/home/109463276,35.8997235,-78.8223797
Condo/Co-op,700 Finsbury St #105,Durham,NC,27703,225000,1,1.5,Davis Park,789,,2014,6,285,425,https://www.redfin.com/NC/Durham/700-Finsbury-St-27703/unit-105/home/49546713,35.8815632,-78.8651648
Townhouse,1133 Arbor Edge Ln,Durham,NC,27703,375000,3,2.5,Dogwood Pointe,1897,2178,2021,1,198,149,https://www.redfin.com/NC/Durham/1133-Arbor-Edge-Ln-27703/home/173318221,35.97282,-78.789803
Townhouse,1043 Islip Pl,Durham,NC,27703,437500,4,3.5,Ellis Crossing,2227,3049,2020,5,196,212,https://www.redfin.com/NC/Durham/1043-Islip-Pl-27703/home/173359432,35.9395637,-78.8485605
Townhouse,3145 Montlawn Pl,Durham,NC,27703,457000,3,2.5,Ellis Walk,1989,2613,2022,8,230,186,https://www.redfin.com/NC/Durham/3145-Montlawn-Pl-27703/home/182393240,35.952626,-78.861647
Townhouse,1112 Pate Farm Ln,Durham,NC,27703,410000,3,2.5,Ellis Walk,1796,2613,2023,8,228,186,https://www.redfin.com/NC/Durham/1112-Pate-Farm-Ln-27703/home/182627414,35.9517219,-78.860469
Single Family Residential,3112 Star Gazing Ln,Durham,NC,27703,490000,3,2.5,Ellis Walk,1921,4791,2023,2,255,63,https://www.redfin.com/NC/Durham/3112-Star-Gazing-Ln-27703/home/184120005,35.9484,-78.8612
Single Family Residential,1021 Greatland Rd,Durham,NC,27703,539000,3,2.5,Enclave at Leesville,1948,4792,2024,14,277,197,https://www.redfin.com/NC/Durham/1021-Greatland-Rd-27703/home/182393658,35.9246317,-78.7657898
Single Family Residential,7 Mint Hill Ct,Durham,NC,27703,414900,3,2.5,Foxwood Manor,1856,7405,2011,15,224,33,https://www.redfin.com/NC/Durham/7-Mint-Hill-Ct-27703/home/43612988,35.9551397,-78.8707064
Single Family Residential,10 Gwendolyn Cir,Durham,NC,27703,260000,3,2.5,Grove Park,1978,7405,2004,1,131,65,https://www.redfin.com/NC/Durham/10-Gwendolyn-Cir-27703/home/43589406,35.9798789,-78.8024905
Single Family Residential,10 Marsh Landing Ct,Durham,NC,27703,435000,4,2.5,Grove Park,2046,12197,1998,3,213,65,https://www.redfin.com/NC/Durham/10-Marsh-Landing-Ct-27703/home/43565427,35.9736772,-78.818212
Single Family Residential,501 Bellmeade Bay Dr,Durham,NC,27703,435000,4,2,Grove Park,1788,13068,1999,17,243,65,https://www.redfin.com/NC/Durham/501-Bellmeade-Bay-Dr-27703/home/43588979,35.9746471,-78.8190036
Single Family Residential,1003 Southshore Pkwy,Durham,NC,27703,500000,4,2.5,Grove Park,2260,9583,2003,10,221,61,https://www.redfin.com/NC/Durham/1003-Southshore-Pkwy-27703/home/43565715,35.9726728,-78.8160486
Single Family Residential,522 Crossview Ln,Durham,NC,27703,400000,3,2.5,Grove Park,1647,9583,2001,3,243,65,https://www.redfin.com/NC/Durham/522-Crossview-Ln-27703/home/43568376,35.9735686,-78.821031
Single Family Residential,105 Stoney Dr,Durham,NC,27703,400000,3,2.5,Grove Park,1880,8712,2003,1,213,65,https://www.redfin.com/NC/Durham/105-Stoney-Dr-27703/home/43589367,35.9807974,-78.80159
Single Family Residential,512 N Waters Edge Dr,Durham,NC,27703,500000,4,2.5,Grove Park,2123,6098,1998,10,236,65,https://www.redfin.com/NC/Durham/512-N-Waters-Edge-Dr-27703/home/43568976,35.974412,-78.8151779
Single Family Residential,1030 Thoughtful Spot Ln,Durham,NC,27703,425000,3,2.5,Hanover Pointe,1980,4922,2015,7,215,50,https://www.redfin.com/NC/Durham/1030-Thoughtful-Spot-Ln-27703/home/105480560,35.9641617,-78.8380134
Single Family Residential,1004 Sora Way,Durham,NC,27703,459990,4,3,Harlowe Point,2134,4791,2025,1,216,141,https://www.redfin.com/NC/Durham/1004-Sora-Way-27703/home/195823175,35.967086,-78.8337211
Single Family Residential,1000 Sora Way,Durham,NC,27703,434990,3,2.5,Harlowe Point,1924,6098,2024,19,226,141,https://www.redfin.com/NC/Durham/1000-Sora-Way-27703/home/195535237,35.9670392,-78.8339203
Single Family Residential,12404 Huntley Chase Dr,Durham,NC,27703,525000,3,3,Huntley,2504,6098,2021,13,210,160,https://www.redfin.com/NC/Durham/12404-Huntley-Chase-Dr-27703/home/169617840,35.9304694,-78.7566782
Single Family Residential,2007 Seford Dr,Durham,NC,27703,428000,4,2.5,Meadows at Twin Lakes,2082,6534,2022,21,206,70,https://www.redfin.com/NC/Durham/2007-Seford-Dr-27703/home/182393000,36.0017096,-78.8377556
Single Family Residential,3017 Ginger Hill Ln,Durham,NC,27703,449000,4,2.5,Meadows at Twin Lakes,2073,6970,2022,14,217,70,https://www.redfin.com/NC/Durham/3017-Ginger-Hill-Ln-27703/home/182392992,36.002589,-78.8390639
Single Family Residential,1903 Edgerton Dr,Durham,NC,27703,1450000,6,6,Not in a Subdivision,3892,39204,2025,20,373,,https://www.redfin.com/NC/Durham/1903-Edgerton-Dr-27703/home/43560609,35.9548545,-78.8763465
Single Family Residential,626 S Hoover Rd,Durham,NC,27703,279000,2,1.5,Not in a Subdivision,1,15246,1959,8,279000,,https://www.redfin.com/NC/Durham/626-S-Hoover-Rd-27703/home/110075561,35.9817724,-78.8645457
Single Family Residential,4038 Carpenter Pond Rd,Durham,NC,27703,2250000,4,4,Not in a Subdivision,7554,435600,2002,1,298,,https://www.redfin.com/NC/Durham/4038-Carpenter-Pond-Rd-27703/home/43590519,35.9352461,-78.7621822
Single Family Residential,1345 Ellis Rd,Durham,NC,27703,375000,2,2,Not in a Subdivision,1004,9148,1949,5,374,,https://www.redfin.com/NC/Durham/1345-Ellis-Rd-27703/home/43559681,35.9523471,-78.8703227
Single Family Residential,1209 Eva St,Durham,NC,27703,334000,3,1,Not in a Subdivision,1360,8712,1937,6,246,,https://www.redfin.com/NC/Durham/1209-Eva-St-27703/home/43530773,35.9936997,-78.8791944
Single Family Residential,704 S Mineral Springs Rd,Durham,NC,27703,399000,2,1.5,Not in a Subdivision,1680,20908,1961,2,238,,https://www.redfin.com/NC/Durham/704-S-Mineral-Springs-Rd-27703/home/43564421,35.9726269,-78.8294382
Single Family Residential,502 Hiddenbrook Dr,Durham,NC,27703,549900,5,2.5,Not in a Subdivision,1933,60113,1976,12,284,,https://www.redfin.com/NC/Durham/502-Hiddenbrook-Dr-27703/home/43565855,35.9707945,-78.7968637
Single Family Residential,4006 Daniel Rd,Durham,NC,27703,360000,4,3,Not in a Subdivision,2690,71874,1972,13,134,,https://www.redfin.com/NC/Durham/4006-Daniel-Rd-27703/home/43566245,35.9968116,-78.8121051
Single Family Residential,317 Gary St,Durham,NC,27703,195000,3,1,Not in a Subdivision,845,9583,1963,2,231,,https://www.redfin.com/NC/Durham/317-Gary-St-27703/home/43528386,35.9881229,-78.8711331
Single Family Residential,107 N Guthrie Ave,Durham,NC,27703,499000,3,2,Not in a Subdivision,1623,6098,1918,13,307,,https://www.redfin.com/NC/Durham/107-N-Guthrie-Ave-27703/home/43528167,35.9863517,-78.8763581
Townhouse,172 Token House Rd,Durham,NC,27703,340000,3,2.5,Orchard Ridge,1568,1742,2013,2,217,140,https://www.redfin.com/NC/Durham/172-Token-House-Rd-27703/home/43612546,35.9586407,-78.8228383
Single Family Residential,5410 Pageford Dr,Durham,NC,27703,374900,3,2.5,Pagehurst,1831,8712,2000,1,205,40,https://www.redfin.com/NC/Durham/5410-Pageford-Dr-27703/home/43589711,35.9236786,-78.8186423
Single Family Residential,629 Conover Rd,Durham,NC,27703,629900,4,3.5,Ravenstone,2850,30492,2025,14,221,47,https://www.redfin.com/NC/Durham/629-Conover-Rd-27703/home/110074447,35.969563,-78.787485
Single Family Residential,633 Conover Rd,Durham,NC,27703,639900,4,3.5,Ravenstone,2850,21344,2025,6,225,47,https://www.redfin.com/NC/Durham/633-Conover-Rd-27703/home/110076014,35.968985,-78.787425
Single Family Residential,2513 Magnolia Tree Ln,Durham,NC,27703,480000,3,2.5,Rustica Oaks,2255,5227,2016,7,213,60,https://www.redfin.com/NC/Durham/2513-Magnolia-Tree-Ln-27703/home/49676770,35.94926,-78.8801283
Single Family Residential,214 Dogwood Blossoms Dr,Durham,NC,27703,489900,3,2.5,Rustica Oaks,2332,5227,2017,15,210,60,https://www.redfin.com/NC/Durham/214-Dogwood-Blossoms-Dr-27703/home/110075101,35.9480104,-78.8774303
Single Family Residential,509 Olive Branch Rd,Durham,NC,27703,569000,4,2.5,Shaw Hill Estates,2430,19602,2025,1,234,,https://www.redfin.com/NC/Durham/509-Olive-Branch-Rd-27703/home/193443526,35.9644727,-78.7821867
Townhouse,1141 Amber Shadow Dr #101,Durham,NC,27703,369000,3,2.5,Shepards Square,1708,1742,2021,13,216,132,https://www.redfin.com/NC/Durham/1141-Amber-Shadow-Dr-27703/unit-101/home/193856354,35.9569024,-78.8698491
Townhouse,509 Sherron Rd #30,Durham,NC,27703,444990,3,3,Sherron Road Townes,2095,1568,2025,6,212,160,https://www.redfin.com/NC/Durham/509-Sherron-Rd-27703/unit-30/home/195661994,35.967565,-78.8034009
Townhouse,509 Sherron Rd #11,Durham,NC,27703,555713,4,3.5,Sherron Road Townes,2095,1568,2025,4,265,160,https://www.redfin.com/NC/Durham/509-Sherron-Rd-27703/unit-11/home/195776673,35.967565,-78.8034009
Single Family Residential,1613 Kilmer Ter,Durham,NC,27703,289000,2,1,Sherwood Forest,845,11761,1940,14,342,,https://www.redfin.com/NC/Durham/1613-Kilmer-Ter-27703/home/43530594,36.0001364,-78.8738727
Single Family Residential,406 Sapphire Dr,Durham,NC,27703,385000,4,2.5,Stone Hill Estates,1780,7405,1998,20,216,15,https://www.redfin.com/NC/Durham/406-Sapphire-Dr-27703/home/43562240,35.9897844,-78.8219094
Townhouse,1010 Westerland Way #200,Durham,NC,27703,394580,3,2.5,Sweetbriar,1946,2400,2025,10,203,240,https://www.redfin.com/NC/Durham/1010-Westerland-Way-27703/unit-200/home/195603682,35.9555326,-78.7768702
Single Family Residential,2161 Pink Peony Cir #232,Durham,NC,27703,746679,5,4,Sweetbrier,4256,6534,2024,3,175,95,https://www.redfin.com/NC/Durham/2161-Pink-Peony-CIR-27703/unit-232/home/194055226,35.955093,-78.778722
Single Family Residential,3003 Dog Rose Dr #176,Durham,NC,27703,676496,5,3.5,Sweetbrier,3100,7666,2025,5,218,105,https://www.redfin.com/NC/Durham/3003-Dog-Rose-Dr-27703/unit-176/home/195776527,35.954164,-78.780014
Single Family Residential,3004 Dog Rose Dr #309,Durham,NC,27703,720593,5,4,Sweetbrier,3550,6621,2025,19,203,105,https://www.redfin.com/NC/Durham/3004-Dog-Rose-Dr-27703/unit-309/home/195533153,35.953645,-78.780028
Townhouse,1018 Westerland Way #204,Durham,NC,27703,408212,3,2.5,Sweetbrier,1947,2613,2025,10,210,240,https://www.redfin.com/NC/Durham/1018-Westerland-Way-27703/unit-204/home/195604989,35.9555326,-78.7768702
Single Family Residential,3017 Dog Rose Dr #169,Durham,NC,27703,765161,5,4,Sweetbrier,4167,6621,2025,17,184,105,https://www.redfin.com/NC/Durham/3017-Dog-Rose-Dr-27703/unit-169/home/195542578,35.953534,-78.778928
Single Family Residential,3008 Dog Rose Dr #307,Durham,NC,27703,750166,5,4.5,Sweetbrier,3725,6534,2025,3,201,105,https://www.redfin.com/NC/Durham/3008-Dog-Rose-Dr-27703/unit-307/home/195781311,35.953467,-78.779711
Single Family Residential,3006 Dog Rose Dr #308,Durham,NC,27703,748194,5,4,Sweetbrier,4174,6534,2025,10,179,105,https://www.redfin.com/NC/Durham/3006-Dog-Rose-Dr-27703/unit-308/home/195605199,35.95356,-78.779875
Single Family Residential,3005 Dog Rose Drive Dr #175,Durham,NC,27703,717107,5,4,Sweetbrier,3550,6621,2025,5,202,105,https://www.redfin.com/NC/Durham/3005-Dog-Rose-Dr-27703/unit-175/home/195776529,35.954073,-78.779845
Single Family Residential,3007 Dog Rose Dr #174,Durham,NC,27703,739590,5,4.5,Sweetbrier,3725,6621,2025,5,199,105,https://www.redfin.com/NC/Durham/3007-Dog-Rose-Dr-27703/unit-174/home/195741612,35.953986,-78.779698
Townhouse,4008 Silver Oak Ln,Durham,NC,27703,384930,3,3.5,Tanglewood,1730,1374,2025,1,223,225,https://www.redfin.com/NC/Morrisville/4008-Silver-Oak-Ln-27560/home/193444336,35.9084091,-78.8205754
Townhouse,4012 Silver Oak Ln,Durham,NC,27703,393680,3,3.5,Tanglewood,1780,1776,2025,1,221,225,https://www.redfin.com/NC/Morrisville/4012-Silver-Oak-Ln-27560/home/193444338,35.9085185,-78.8205531
Townhouse,3604 Soaring Elm Dr,Durham,NC,27703,425990,3,2.5,Tanglewood,1924,2082,2025,6,221,225,https://www.redfin.com/NC/Durham/3604-Soaring-Elm-DR-27703/home/195661821,35.908145,-78.822032
Townhouse,4002 Silver Oak Ln,Durham,NC,27703,376200,3,3.5,Tanglewood,1730,1374,2025,7,217,225,https://www.redfin.com/NC/Durham/4002-Silver-Oak-LN-27703/home/195611753,35.908195495605469,-78.82080841
Townhouse,1 Edgebrook Cir,Durham,NC,27703,325000,4,2.5,Taylor Estates,1659,2614,2003,6,196,185,https://www.redfin.com/NC/Durham/1-Edgebrook-Cir-27703/home/43591513,35.9388042,-78.8443903
Townhouse,919 Montague Ave,Durham,NC,27703,414990,3,2.5,Tredenham,1785,2744,2024,8,232,175,https://www.redfin.com/NC/Durham/919-Montague-Ave-27703/home/193445131,35.941458,-78.7929
Townhouse,5019 Shipper Ln,Durham,NC,27703,362890,3,2.5,Triple Crown,1792,3049,2025,3,203,240,https://www.redfin.com/NC/Durham/5019-Shipper-Ln-27703/home/193444783,35.972084045410156,-78.77883911
Townhouse,6018 Grey Colt Way,Durham,NC,27703,344890,3,2.5,Triple Crown,1792,2613,2025,3,192,240,https://www.redfin.com/NC/Durham/6018-Grey-Colt-Rd-27703/home/193444795,35.971774,-78.778472
Single Family Residential,1602 Red Roses Ave,Durham,NC,27703,524990,5,3,Triple Crown,2619,6534,2025,12,200,110,https://www.redfin.com/NC/Durham/1602-Red-Roses-Ave-27703/home/193444672,35.948143005371094,-78.80436707
Single Family Residential,2616 Wedgedale Ave,Durham,NC,27703,620000,3,2,Wedgedale,1111,12632,1962,18,558,,https://www.redfin.com/NC/Durham/2616-Wedgedale-Ave-27703/home/43541395,35.9863522,-78.8539901
Single Family Residential,308 Lynn Rd,Durham,NC,27703,320000,4,2,Wedgewood,1232,12632,1971,5,260,,https://www.redfin.com/NC/Durham/308-Lynn-Rd-27703/home/43544621,35.9829392,-78.8426661
Townhouse,114 Cross Country Way,Durham,NC,27703,425000,3,3.5,West Brier Townes at Alexander Park,2469,1742,2018,7,172,175,https://www.redfin.com/NC/Durham/114-Cross-Country-Way-27703/home/148602878,35.9133826,-78.8238172
Townhouse,518 Judge Ct,Durham,NC,27703,415000,3,2.5,West Brier Townes at Alexander Park,1835,4356,2021,20,226,175,https://www.redfin.com/NC/Durham/518-Judge-Ct-27703/home/173318161,35.914419,-78.821274
Townhouse,224 Churment Ct,Durham,NC,27703,389500,3,2.5,Winsford at the Park,1886,2614,2017,9,207,179,https://www.redfin.com/NC/Durham/224-Churment-Ct-27703/home/110075505,35.9464668,-78.8716821
Single Family Residential,106 E Delafield Ave,Durham,NC,27704,545000,4,2,Belvindale,1827,10890,1935,1,298,,https://www.redfin.com/NC/Durham/106-E-Delafield-Ave-27704/home/43544140,36.0301805,-78.8913384
Single Family Residential,511 E Maynard Ave,Durham,NC,27704,198750,3,1,Boone,1053,12197,1930,19,189,,https://www.redfin.com/NC/Durham/511-E-Maynard-Ave-27704/home/43540549,36.02769,-78.8866448
Single Family Residential,1014 E Club Blvd,Durham,NC,27704,389000,4,2,Boulevard Heights,1514,7841,1953,1,257,,https://www.redfin.com/NC/Durham/1014-E-Club-Blvd-27704/home/43540887,36.0231865,-78.8776817
Townhouse,2003 Oakdale Dr,Durham,NC,27704,315924,2,2.5,Brooks Mill,1155,1742,2025,14,274,105,https://www.redfin.com/NC/Durham/2003-Oakdale-DR-27704/home/195579288,35.938941,-78.776501
Townhouse,520 Sunset Lake Dr,Durham,NC,27704,360037,3,2.5,Brooks Mill,1566,2613,2025,14,230,105,https://www.redfin.com/NC/Durham/520-Lake-Dr-27704/home/195578926,35.940342,-78.78008
Townhouse,522 Sunset Lake Dr,Durham,NC,27704,385364,4,2.5,Brooks Mill,1913,3049,2025,14,201,105,https://www.redfin.com/NC/Durham/522-Lake-Dr-27704/home/195579007,35.940467,-78.780735
Townhouse,518 Sunset Lake St,Durham,NC,27704,373782,3,2.5,Brooks Mill,1731,2613,2025,17,216,105,https://www.redfin.com/NC/Durham/518-Lake-St-27704/home/195543958,35.940633,-78.780923
Townhouse,3004 Vitner Dr,Durham,NC,27704,332990,3,2.5,Bull City North,1592,2613,2025,7,209,125,https://www.redfin.com/NC/Durham/3004-Vitner-Dr-27704/home/194345480,36.0618767,-78.8940608
Single Family Residential,1106 Red Crest Ln,Durham,NC,27704,415000,3,2.5,Cardinal Lake,2376,10018,2010,15,175,66,https://www.redfin.com/NC/Durham/1106-Red-Crest-Ln-27704/home/43613125,36.013605,-78.8088429
Single Family Residential,2902 Framer Ln,Durham,NC,27704,674900,4,2.5,Carpenter Pointe,3077,10454,2008,5,219,34,https://www.redfin.com/NC/Durham/2902-Framer-Ln-27704/home/43605238,36.0276403,-78.8225056
Single Family Residential,2224 Clements Dr,Durham,NC,27704,345000,3,2.5,Colonial Acres,1309,20038,1969,13,264,,https://www.redfin.com/NC/Durham/2224-Clements-Dr-27704/home/43561822,36.0396264,-78.8663024
Single Family Residential,2612 Glenbrook Dr,Durham,NC,27704,278500,3,1,Glenbrook,1000,8276,1974,20,279,,https://www.redfin.com/NC/Durham/2612-Glenbrook-Dr-27704/home/43541235,36.0287951,-78.8801659
Townhouse,2109 Glen Crossing Dr,Durham,NC,27704,309990,3,2.5,Glenn Crossing,1594,1742,2025,11,194,149,https://www.redfin.com/NC/Durham/2109-Glen-Crossing-Dr-27704/home/193445348,36.0378913,-78.8424796
Townhouse,2107 Glen Crossing Dr,Durham,NC,27704,309990,3,2.5,Glenn Crossing,1594,1742,2025,11,194,149,https://www.redfin.com/NC/Durham/2107-Glen-Crossing-Dr-27704/home/193445349,36.0378913,-78.8424796
Single Family Residential,4126 Amber Stone Way,Durham,NC,27704,375000,3,2.5,Glennstone,2292,9147,2003,10,164,23,https://www.redfin.com/NC/Durham/4126-Amber-Stone-Way-27704/home/43592699,36.0524189,-78.8395001
Single Family Residential,4108 Lady Slipper Ln,Durham,NC,27704,378000,3,2.5,Glennstone,1846,6098,2014,8,205,23,https://www.redfin.com/NC/Durham/4108-Lady-Slipper-Ln-27704/home/43599582,36.0504989,-78.8378382
Single Family Residential,3359 Denise St,Durham,NC,27704,415000,3,2,Homestead Heights,1506,16204,2011,1,276,,https://www.redfin.com/NC/Durham/3359-Denise-St-27704/home/43543457,36.0441559,-78.9101229
Single Family Residential,3357 Denise St,Durham,NC,27704,469000,3,2.5,Homestead Heights,1733,13503,2010,6,271,,https://www.redfin.com/NC/Durham/3357-Denise-St-27704/home/43544432,36.0439547,-78.910365
Single Family Residential,2121 Lime St,Durham,NC,27704,440000,4,2.5,Landon Farms,1794,6534,2003,2,245,17,https://www.redfin.com/NC/Durham/2121-Lime-St-27704/home/43596361,36.0213813,-78.849463
Single Family Residential,2308 Buffalo Way,Durham,NC,27704,249900,3,2,Landon Farms,1093,6534,2010,1,229,10,https://www.redfin.com/NC/Durham/2308-Buffalo-Way-27704/home/43599068,36.022158,-78.8484093
Single Family Residential,1303 Bent Willow Dr,Durham,NC,27704,350000,3,2.5,Magnolia Creek,1440,6534,2020,8,243,40,https://www.redfin.com/NC/Durham/1303-Bent-Willow-Dr-27704/home/169618536,36.0553478,-78.8834442
Single Family Residential,1012 Old Evergreen Dr,Durham,NC,27704,389000,4,2.5,Magnolia Creek,1680,6970,2018,13,232,40,https://www.redfin.com/NC/Durham/1012-Old-Evergreen-Dr-27704/home/169617666,36.0556826,-78.8870259
Single Family Residential,1509 Logan St,Durham,NC,27704,500000,4,4,Northeast Hills,2843,46173,1971,7,176,,https://www.redfin.com/NC/Durham/1509-Logan-St-27704/home/43562078,36.0115449,-78.8499649
Single Family Residential,809 Leon St,Durham,NC,27704,265000,2,1,Northgate Park,858,8276,1952,14,309,,https://www.redfin.com/NC/Durham/809-Leon-St-27704/home/43521485,36.025316,-78.9047553
Single Family Residential,112 E Edgewood Dr,Durham,NC,27704,499000,3,2,Northgate Park,1488,10018,1950,21,335,,https://www.redfin.com/NC/Durham/112-E-Edgewood-Dr-27704/home/43535443,36.0276656,-78.8917469
Single Family Residential,2506 N Duke St,Durham,NC,27704,459000,4,2,Not in a Subdivision,1350,11761,1957,20,340,,https://www.redfin.com/NC/Durham/2506-N-Duke-St-27704/home/43526697,36.0297786,-78.9052028
Single Family Residential,1208 W Murray Ave,Durham,NC,27704,350000,3,1.5,Not in a Subdivision,1012,10018,1969,4,346,,https://www.redfin.com/NC/Durham/1208-W-Murray-Ave-27704/home/43521416,36.0291921,-78.9105856
Single Family Residential,1011 Wyldewood Rd,Durham,NC,27704,350000,3,2,Not in a Subdivision,1200,12632,1972,20,292,,https://www.redfin.com/NC/Durham/1011-Wyldewood-Rd-27704/home/43537875,36.0526566,-78.9157821
Single Family Residential,109 Davidson Ave,Durham,NC,27704,315000,2,1,Not in a Subdivision,957,10454,1941,1,329,,https://www.redfin.com/NC/Durham/109-Davidson-Ave-27704/home/162837336,36.0187923,-78.8919076
Single Family Residential,2015 Cheek Rd,Durham,NC,27704,465000,4,2.5,Not in a Subdivision,1746,7405,2024,11,266,,https://www.redfin.com/NC/Durham/2015-Cheek-Rd-27704/home/108593974,36.005418,-78.860207
Single Family Residential,408 E Maynard Ave,Durham,NC,27704,460000,3,2,Not in a Subdivision,1328,10454,1937,21,346,,https://www.redfin.com/NC/Durham/408-E-Maynard-Ave-27704/home/43533081,36.0270846,-78.8879909
Single Family Residential,5414 Stanley Rd,Durham,NC,27704,355000,3,2,Not in a Subdivision,1215,21344,2000,12,292,,https://www.redfin.com/NC/Durham/5414-Stanley-Rd-27704/home/43574082,36.0732521,-78.8722688
Townhouse,11 Stone Vlg,Durham,NC,27704,245000,2,2,Stonewall Village,1201,1306,1984,6,204,188,https://www.redfin.com/NC/Durham/11-Stone-Village-Ct-27704/home/43540153,36.0523576,-78.9087479
Townhouse,13 Patriot Cir,Durham,NC,27704,239900,2,1.5,Stonewall Village,1229,1742,1974,20,195,252,https://www.redfin.com/NC/Durham/13-Patriot-Cir-27704/home/43538170,36.0515584,-78.9085723
Townhouse,35 Stonewall Way,Durham,NC,27704,245000,2,2,Stonewall Village,1229,1307,1984,14,199,194,https://www.redfin.com/NC/Durham/35-Stonewall-Way-27704/home/43539193,36.0527931,-78.9092764
Townhouse,75 Stone Hill Ct,Durham,NC,27704,250000,2,2,Stonewall Village,1104,3049,1984,6,226,187,https://www.redfin.com/NC/Durham/75-Stone-Hill-Ct-27704/home/43540114,36.0535781,-78.9082584
Single Family Residential,4114 Sudbury Rd,Durham,NC,27704,350000,3,2,Stratton Park,1070,5663,1993,7,327,,https://www.redfin.com/NC/Durham/4114-Sudbury-Rd-27704/home/43593965,36.04455,-78.8887598
Townhouse,1304 Cozart St #109,Durham,NC,27704,289000,3,2.5,Swanns Mill,1552,1742,2013,12,186,178,https://www.redfin.com/NC/Durham/1304-Cozart-St-27704/unit-109/home/43604179,36.060304,-78.8715069
Single Family Residential,1012 Ringhill Bluff Dr,Durham,NC,27704,435000,3,2,Timberleaf,1455,6534,2023,7,299,89,https://www.redfin.com/NC/Durham/1012-Ringhill-Bluff-Dr-27704/home/193442843,36.0200077,-78.84436
Single Family Residential,1917 Washington St,Durham,NC,27704,389000,3,1.5,Trinity Park,1179,18731,1984,1,330,,https://www.redfin.com/NC/Durham/1917-Washington-St-27704/home/43522096,36.0204133,-78.9010655
Single Family Residential,3818 Hillgrand Dr,Durham,NC,27705,475000,3,2,American Village,1784,31799,1962,21,266,,https://www.redfin.com/NC/Durham/3818-Hillgrand-Dr-27705/home/43539603,36.0174125,-78.9619531
Single Family Residential,2206 Guess Rd,Durham,NC,27705,390000,3,1,Broad Acres,1088,7405,1948,5,358,,https://www.redfin.com/NC/Durham/2206-Guess-Rd-27705/home/43538548,36.024865,-78.9202507
Single Family Residential,3425 Donnigale Ave,Durham,NC,27705,940000,4,3.5,Brook Hollow,3747,81282,2015,13,251,,https://www.redfin.com/NC/Durham/3425-Donnigale-Ave-27705/home/43547129,35.9767003,-78.9773239
Condo/Co-op,3080 Colony Rd Unit A,Durham,NC,27705,279000,2,2.5,Colony Hill,1350,,1972,19,207,433,https://www.redfin.com/NC/Durham/3080-Colony-Rd-27705/unit-A/home/43545888,35.978602,-78.9622165
Single Family Residential,11 Whitburn Pl,Durham,NC,27705,522000,3,2.5,Colony Hill at Beech Hill,2664,6970,1987,20,196,165,https://www.redfin.com/NC/Durham/11-Whitburn-Pl-27705/home/43546115,35.977192,-78.9611808
Single Family Residential,2205 W Carver St,Durham,NC,27705,400000,3,2,Duke Homestead,1367,9399,1955,1,293,,https://www.redfin.com/NC/Durham/2205-Carver-St-27705/home/43537215,36.038729,-78.91938
Single Family Residential,1604 Pinecrest Rd,Durham,NC,27705,1850000,5,3.5,Duke University Homesites,4602,73616,1972,1,402,,https://www.redfin.com/NC/Durham/1604-Pinecrest-Rd-27705/home/43522876,35.9855828,-78.9468785
Single Family Residential,2205 Tampa Ave,Durham,NC,27705,550000,2,2.5,Not in a Subdivision,1184,2178,2025,3,465,,https://www.redfin.com/NC/Durham/2205-Tampa-Ave-27705/home/195781931,36.0250997,-78.9334647
Single Family Residential,4713 Erwin Rd,Durham,NC,27705,625000,4,3,Not in a Subdivision,2221,31363,1950,6,281,,https://www.redfin.com/NC/Durham/4713-Erwin-Rd-27705/home/43546503,35.9907125,-78.9856864
Single Family Residential,2515 W Club Blvd,Durham,NC,27705,1200000,4,4,Not in a Subdivision,2842,14810,1938,7,422,,https://www.redfin.com/NC/Durham/2515-W-Club-Blvd-27705/home/43520882,36.0175195,-78.9355803
Single Family Residential,902 B Oakland Ave,Durham,NC,27705,639000,3,3,Not in a Subdivision,1264,2504,2023,1,506,,https://www.redfin.com/NC/Durham/902-Oakland-Ave-27705/home/190967859,36.0124102,-78.9289015
Single Family Residential,1314 Hudson Ave,Durham,NC,27705,449000,2,1.5,Not in a Subdivision,1287,10890,1956,14,349,,https://www.redfin.com/NC/Durham/1314-Hudson-Ave-27705/home/43521943,36.0244845,-78.913526
Townhouse,2822 Pickett Rd #173,Durham,NC,27705,400000,2,2.5,Pickett Park,1407,2178,2006,1,284,235,https://www.redfin.com/NC/Durham/2822-Pickett-Rd-27705/unit-173/home/43607888,35.973963,-78.9573183
Single Family Residential,1924 Strebor St,Durham,NC,27705,325000,3,1.5,Pinewood,1750,9148,1983,12,186,,https://www.redfin.com/NC/Durham/1924-Strebor-St-27705/home/43537631,36.0316269,-78.919053
Single Family Residential,4420 Dula St,Durham,NC,27705,775000,4,3.5,Rocky Ridge,3201,21344,1990,7,242,,https://www.redfin.com/NC/Durham/4420-Dula-St-27705/home/43573515,36.0471551,-78.9774
Single Family Residential,2606 Newquay St,Durham,NC,27705,564900,4,3,Sparrow,2708,21344,1971,9,209,,https://www.redfin.com/NC/Durham/2606-Newquay-St-27705/home/43573181,36.0404789,-78.9791421
Townhouse,1508 W Markham Ave,Durham,NC,27705,499500,2,2.5,Trinity Heights,1688,1742,2001,20,296,475,https://www.redfin.com/NC/Durham/1508-W-Markham-Ave-27705/home/43592616,36.0100362,-78.9163274
Single Family Residential,3907 Inwood Dr,Durham,NC,27705,425000,3,2,Turnage Heights,1297,19602,1964,14,328,,https://www.redfin.com/NC/Durham/3907-Inwood-Dr-27705/home/43537093,36.0158094,-78.9603518
Townhouse,11 Providence Ct,Durham,NC,27705,242500,2,1.5,Walden Pond,1055,2178,1983,7,230,88,https://www.redfin.com/NC/Durham/11-Providence-Ct-27705/home/43573342,36.0221247,-78.9602365
Townhouse,10 Grove Park Rd,Durham,NC,27705,235000,2,1.5,Walden Pond,1035,1307,1985,20,227,84,https://www.redfin.com/NC/Durham/10-Grove-Park-Rd-27705/home/43571027,36.0256624,-78.9613973
Single Family Residential,6 Beltre Ct,Durham,NC,27705,809000,5,2.5,Winstead,2933,12632,1997,5,276,14,https://www.redfin.com/NC/Durham/6-Beltre-Ct-27705/home/43548575,35.9857342,-78.9878966
Single Family Residential,2311 Wintergreen Pl,Durham,NC,27707,325000,3,2,Alston Heights,1067,6098,1970,14,305,,https://www.redfin.com/NC/Durham/2311-Wintergreen-Pl-27707/home/43544410,35.9601923,-78.884271
Townhouse,33 Grapevine Trl,Durham,NC,27707,360000,3,2.5,Arbor Pointe,1785,3049,2006,1,202,181,https://www.redfin.com/NC/Durham/33-Grapevine-Trl-27707/home/43605381,35.9479625,-78.9711977
Single Family Residential,3022 Dixon Rd,Durham,NC,27707,375000,3,1,Boone Place,1213,15246,1955,18,309,,https://www.redfin.com/NC/Durham/3022-Dixon-Rd-27707/home/43536566,35.9660596,-78.9402864
Townhouse,127 Manordale Dr,Durham,NC,27707,390000,2,2.5,Chapel Run,1537,1306,2019,1,254,117,https://www.redfin.com/NC/Durham/127-Manordale-Dr-27707/home/147232513,35.9109666,-78.9941938
Townhouse,123 Boarstall Crk,Durham,NC,27707,429000,3,2.5,Creekside Commons,1981,2178,2020,3,217,135,https://www.redfin.com/NC/Durham/123-Boarstall-Crk-27707/home/173318335,35.9298173,-78.9934725
Single Family Residential,17 Crystal Oaks Ct,Durham,NC,27707,287000,2,2,Crystal Oaks,1025,2178,1995,1,280,135,https://www.redfin.com/NC/Durham/17-Crystal-Oaks-Ct-27707/home/43551695,35.9402783,-78.9933341
Townhouse,202 Selkirk Pl,Durham,NC,27707,550000,3,2.5,Dunbarton Townhomes,2629,4792,1982,20,209,410,https://www.redfin.com/NC/Durham/202-Selkirk-St-27707/home/43539288,35.9612047,-78.9279547
Single Family Residential,2509 Chapel Hill Rd,Durham,NC,27707,472400,3,2,Durham,1710,8712,2014,15,276,,https://www.redfin.com/NC/Durham/2509-Chapel-Hill-Rd-27707/home/43522010,35.9815366,-78.9336366
Single Family Residential,2503 Chapel Hill Rd,Durham,NC,27707,365125,3,2,Durham,2375,10018,1925,15,154,,https://www.redfin.com/NC/Durham/2503-Chapel-Hill-Rd-27707/home/43520946,35.9817173,-78.9331363
Single Family Residential,2507 Chapel Hill Rd,Durham,NC,27707,439400,3,1.5,Durham,1780,7405,1920,15,247,,https://www.redfin.com/NC/Durham/2507-Chapel-Hill-Rd-27707/home/43520952,35.9816458,-78.933471
Single Family Residential,2511 Chapel Hill Rd,Durham,NC,27707,344350,3,2,Durham,1510,8276,1920,15,228,,https://www.redfin.com/NC/Durham/2511-Chapel-Hill-Rd-27707/home/43522008,35.9814265,-78.9337226
Single Family Residential,2505 Chapel Hill Rd,Durham,NC,27707,361125,2,1,Durham,1240,8712,1930,15,291,,https://www.redfin.com/NC/Durham/2505-Chapel-Hill-Rd-27707/home/43520953,35.9816939,-78.9332997
Single Family Residential,305 Reynolds Ave N,Durham,NC,27707,414000,3,2,Forest Edge,1580,12197,1986,4,262,,https://www.redfin.com/NC/Durham/305-Reynolds-Ave-27707/home/43545403,35.9542349,-78.9312797
Single Family Residential,800 E Forest Hills Blvd,Durham,NC,27707,699000,3,2,Forest Hills,1641,11230,1948,1,426,,https://www.redfin.com/NC/Durham/800-E-Forest-Hills-Blvd-27707/home/43531480,35.9821738,-78.9093572
Single Family Residential,2904 Sprucewood Dr,Durham,NC,27707,489900,4,2,Forest View Heights,1833,13068,1964,13,267,,https://www.redfin.com/NC/Durham/2904-Sprucewood-Dr-27707/home/43538511,35.9570748,-78.9192106
Single Family Residential,3315 Denada Path,Durham,NC,27707,1200000,3,4.5,Forrest Brook Cluster,4352,8712,2015,19,276,,https://www.redfin.com/NC/Durham/3315-Denada-Path-27707/home/43602852,35.95997,-78.9457488
Single Family Residential,1024 Sycamore St,Durham,NC,27707,749900,5,4,Forrest Hills,4162,14810,1956,18,180,,https://www.redfin.com/NC/Durham/1024-Sycamore-St-27707/home/43529668,35.9785804,-78.9179096
Single Family Residential,1408 South St,Durham,NC,27707,724999,4,3.5,New Hope,2400,7405,2025,14,302,,https://www.redfin.com/NC/Durham/1408-South-St-27707/home/43532604,35.9798648,-78.9072942
Single Family Residential,2003 Wa Wa Ave,Durham,NC,27707,600000,3,2.5,Not in a Subdivision,1618,9583,2020,13,371,,https://www.redfin.com/NC/Durham/2003-Wa-Wa-Ave-27707/home/43520575,35.9793532,-78.9319943
Single Family Residential,3420 Sheridan Dr,Durham,NC,27707,875000,5,3,Not in a Subdivision,3876,40075,1961,13,226,,https://www.redfin.com/NC/Durham/3420-Sheridan-Dr-27707/home/43539629,35.9567015,-78.9363007
Single Family Residential,1005 Forrestal Pl,Durham,NC,27707,635750,4,2.5,Not in a Subdivision,2120,8875,2025,20,300,,https://www.redfin.com/NC/Durham/1005-Forrestel-Pl-27707/home/193446323,35.961123,-78.90071
Single Family Residential,3838 Regent Rd,Durham,NC,27707,1950000,5,3.5,Not in a Subdivision,4062,26571,1967,14,480,,https://www.redfin.com/NC/Durham/3838-Regent-Rd-27707/home/43545776,35.9392667,-78.9617183
Single Family Residential,19 Oak Dr,Durham,NC,27707,1078000,4,3.5,Not in a Subdivision,3304,20909,1926,14,326,,https://www.redfin.com/NC/Durham/19-Oak-Dr-27707/home/43529662,35.979187,-78.9166315
Single Family Residential,425 Price Ave,Durham,NC,27707,355000,2,2,Not in a Subdivision,1314,3920,1930,5,270,,https://www.redfin.com/NC/Durham/425-Price-Ave-27707/home/43532196,35.979615,-78.9004345
Single Family Residential,1010 Cobb St,Durham,NC,27707,545000,3,2,Not in a Subdivision,1393,6098,1925,6,391,,https://www.redfin.com/NC/Durham/1010-Cobb-St-27707/home/43528921,35.9894498,-78.9152702
Single Family Residential,3914 Old Chapel Hill Rd,Durham,NC,27707,665000,3,2.5,Not in a Subdivision,2220,16988,2017,1,300,,https://www.redfin.com/NC/Durham/3914-Old-Chapel-Hill-Rd-27707/home/43545786,35.9526811,-78.9592057
Single Family Residential,3932 Old Chapel Hill Rd,Durham,NC,27707,1050000,6,4.5,Not in a Subdivision,3650,10454,2025,15,288,,https://www.redfin.com/NC/Durham/3932-Old-Chapel-Hill-Rd-27707/home/187972909,35.951635,-78.961556
Single Family Residential,1013 Forrestal Pl,Durham,NC,27707,577030,3,2,Not in a Subdivision,1840,7391,2025,14,314,,https://www.redfin.com/NC/Durham/1013-Forrestel-Pl-27707/home/193446321,35.961036,-78.900984
Single Family Residential,208 Clark Lake Rd,Durham,NC,27707,650000,3,1.5,Not in a Subdivision,1554,53143,1961,30,418,,https://www.redfin.com/NC/Durham/208-Clark-Lake-Rd-27707/home/43549018,35.9411782,-78.9991643
Single Family Residential,1402 W Lakewood Ave,Durham,NC,27707,414900,2,1,Not in a Subdivision,875,6098,1952,20,474,,https://www.redfin.com/NC/Durham/1402-W-Lakewood-Ave-27707/home/43525903,35.9866756,-78.9204765
Single Family Residential,1603 Hermitage Ct,Durham,NC,27707,1549000,4,3,Not in a Subdivision,3403,27007,1930,21,455,,https://www.redfin.com/NC/Durham/1603-Hermitage-Ct-27707/home/43594481,35.9816032,-78.9144082
Single Family Residential,3915 Nottaway Rd,Durham,NC,27707,1575000,5,3.5,Not in a Subdivision,4068,43560,1964,21,387,,https://www.redfin.com/NC/Durham/3915-Nottaway-Rd-27707/home/43548325,35.9385209,-78.9588808
Single Family Residential,3203 Rugby Rd,Durham,NC,27707,2700000,4,4.5,Not in a Subdivision,4443,114998,1991,12,608,,https://www.redfin.com/NC/Durham/3203-Rugby-Rd-27707/home/43545637,35.9402622,-78.9491552
Single Family Residential,2540 Atlantic St,Durham,NC,27707,279900,3,1,Not in a Subdivision,942,8276,1960,6,297,,https://www.redfin.com/NC/Durham/2540-Atlantic-St-27707/home/43529417,35.9687344,-78.904408
Townhouse,1027 S Duke St,Durham,NC,27707,1150000,4,3.5,Orchard Park,3133,2614,2019,21,367,,https://www.redfin.com/NC/Durham/1027-S-Duke-St-27707/home/147233231,35.9872771,-78.9089441
Single Family Residential,4913 Stockton Way,Durham,NC,27707,795000,4,3.5,Prescott Place,3647,10454,2002,6,218,40,https://www.redfin.com/NC/Durham/4913-Stockton-Way-27707/home/43605137,35.9328577,-78.9838574
Townhouse,8 Greenside Ct,Durham,NC,27707,1225000,3,4.5,Surrey Green,3025,13068,1982,21,405,63,https://www.redfin.com/NC/Durham/8-Greenside-Ct-27707/home/43544513,35.943612,-78.939205
Single Family Residential,3125 Stanford Dr,Durham,NC,27707,538000,3,2,University Estates,2071,14810,1966,1,260,,https://www.redfin.com/NC/Durham/3125-Stanford-Dr-27707/home/43538469,35.9651497,-78.9347611
Single Family Residential,3405 Bonaparte Way,Durham,NC,27707,385000,3,1.5,Valley Run,1628,9583,1984,1,236,6,https://www.redfin.com/NC/Durham/3405-Bonaparte-Way-27707/home/43534831,35.9614492,-78.9497985
Townhouse,701 Gatehouse Ln,Durham,NC,27707,250000,2,2,Westgate Townes,1062,1306,1989,20,235,185,https://www.redfin.com/NC/Durham/701-Gatehouse-Ln-27707/home/43548385,35.9622718,-78.9632207
Townhouse,55 Willow Bridge Dr,Durham,NC,27707,285000,3,2.5,Willow Bridge Villas,1440,1742,1981,7,198,178,https://www.redfin.com/NC/Durham/55-Willow-Bridge-Dr-27707/home/43547612,35.935818,-78.944446
Townhouse,110 Tressel Way,Durham,NC,27707,460000,2,2.5,Windsor Commons,1771,1307,2007,20,260,275,https://www.redfin.com/NC/Durham/110-Tressel-Way-27707/home/43607569,35.9549614,-78.957405
Single Family Residential,11 Smoketree Ct,Durham,NC,27712,620000,6,3,Autumn Ridge,3226,15681,2001,13,192,15,https://www.redfin.com/NC/Durham/11-Smoketree-Ct-27712/home/43587012,36.0860487,-78.9377998
Single Family Residential,1522 Goodwin Rd,Durham,NC,27712,389000,3,2,Chutney,1666,19602,1973,7,233,,https://www.redfin.com/NC/Durham/1522-Goodwin-Rd-27712/home/43581707,36.0877471,-78.8780266
Single Family Residential,1909 Redding Ln,Durham,NC,27712,525000,5,2.5,Grandover,2832,16988,2000,14,185,20,https://www.redfin.com/NC/Durham/1909-Redding-Ln-27712/home/43588244,36.0822218,-78.9453308
Single Family Residential,5021 Lansdowne Dr,Durham,NC,27712,485000,4,2.5,Havenhill,2380,20038,1981,8,204,,https://www.redfin.com/NC/Durham/5021-Lansdowne-Dr-27712/home/43576241,36.0775764,-78.9541297
Ranch,401 Crestview Dr Dr,Durham,NC,27712,339900,3,2,Hickory Ridge,1301,20037,1964,16,261,,https://www.redfin.com/NC/Durham/401-Crestview-Dr-27712/home/43578115,36.085561,-78.9020688
Single Family Residential,601 Crestview Dr,Durham,NC,27712,264900,3,2,Hickory Ridge,1626,19602,1970,7,163,,https://www.redfin.com/NC/Durham/601-Crestview-Dr-27712/home/43578546,36.0880716,-78.902109
Single Family Residential,5652 Laurel Crest Dr,Durham,NC,27712,300000,3,1.5,Laurel Crest,1197,19166,1968,3,251,,https://www.redfin.com/NC/Durham/5652-Laurel-Crest-Dr-27712/home/43579074,36.0964592,-78.9044425
Single Family Residential,908 Snow Hill Rd,Durham,NC,27712,374000,3,2,Northwood Forest,1455,24829,1977,20,257,,https://www.redfin.com/NC/Durham/908-Snow-Hill-Rd-27712/home/43579927,36.1068945,-78.8897747
Single Family Residential,108 Jefferson Dr,Durham,NC,27712,350000,3,1.5,Not in a Subdivision,1125,22216,1964,12,311,,https://www.redfin.com/NC/Durham/108-Jefferson-Dr-27712/home/43571834,36.0473094,-78.9680872
Single Family Residential,149 Baldwin Dr,Durham,NC,27712,435000,3,2,Not in a Subdivision,1761,21344,1969,20,247,,https://www.redfin.com/NC/Durham/149-Baldwin-Dr-27712/home/43571877,36.0547371,-78.9696001
Single Family Residential,2600 Snow Hill Rd,Durham,NC,27712,1034000,4,4,Not in a Subdivision,3515,506165,1986,6,294,,https://www.redfin.com/NC/Durham/2600-Snow-Hill-Rd-27712/home/43578334,36.0913773,-78.8692711
Single Family Residential,5825 Scalybark Rd,Durham,NC,27712,409900,3,2,Scalybark Hills,1740,44866,1974,13,236,,https://www.redfin.com/NC/Durham/5825-Scalybark-Rd-27712/home/43580167,36.1025441,-78.933987
Single Family Residential,1605 Sassafras St,Durham,NC,27712,549900,5,4.5,Snow Hill Plantation,2890,16117,2016,14,190,25,https://www.redfin.com/NC/Durham/1605-Sassafras-Hill-St-27712/home/43595783,36.1040633,-78.8742021
Single Family Residential,1112 Prominence Dr,Durham,NC,27712,729000,4,3.5,The View at Highland Park,2866,21344,2025,6,254,95,https://www.redfin.com/NC/Durham/1112-Prominence-Dr-27712/home/193444554,36.1014981,-78.9402971
Single Family Residential,101 Abbotsford Ct,Durham,NC,27712,1175000,5,4.5,Treyburn,5618,42253,1990,20,209,51,https://www.redfin.com/NC/Durham/101-Abbotsford-Ct-27712/home/43584487,36.1268518,-78.8663148
Single Family Residential,304 Villa Dr,Durham,NC,27712,892500,5,4,Treyburn,3841,29620,2015,9,232,51,https://www.redfin.com/NC/Durham/304-Villa-Dr-27712/home/43585288,36.1215803,-78.8636928
Single Family Residential,202 Brook Ln,Durham,NC,27712,515000,4,2.5,Willowhaven,2106,20038,1969,19,245,,https://www.redfin.com/NC/Durham/202-Brook-Ln-27712/home/43576280,36.0799088,-78.9563495
Townhouse,1437 Newpoint Dr,Durham,NC,27713,449500,3,2.5,751 South,1962,1742,2022,4,229,140,https://www.redfin.com/NC/Durham/1437-Newpoint-Dr-27713/home/182392840,35.874781,-78.955671
Townhouse,1202 Bradburn Dr,Durham,NC,27713,434475,3,3,751 South,1917,1306,2025,1,227,250,https://www.redfin.com/NC/Durham/1202-Bradburn-Dr-27713/home/195803851,35.8797595,-78.9565102
Townhouse,2201 Pitchfork Ln,Durham,NC,27713,467985,4,4,751 South,2237,13068,2025,1,209,250,https://www.redfin.com/NC/Durham/2201-Pitchfork-LN-27713/home/195803828,35.879913,-78.953893
Single Family Residential,3713 Phillips Way W,Durham,NC,27713,335000,3,2.5,Abercromby,1489,5662,1995,6,225,59,https://www.redfin.com/NC/Durham/3713-Phillips-Way-W-27713/home/43560770,35.9309001,-78.8961452
Single Family Residential,106 Shady Point Ct,Durham,NC,27713,500000,3,2.5,Ashley Forest,2481,9147,1987,9,202,40,https://www.redfin.com/NC/Durham/106-Shady-Point-Ct-27703/home/43594477,35.9274338,-78.8201467
Single Family Residential,1408 Fairmont St,Durham,NC,27713,495000,3,2.5,Auburn,1996,4792,2005,10,248,44,https://www.redfin.com/NC/Durham/1408-Fairmont-St-27713/home/43599760,35.9111198,-78.9077173
Townhouse,1204 Maroon Dr,Durham,NC,27713,330000,3,2.5,Auburn Square,1437,1306,2002,20,230,239,https://www.redfin.com/NC/Durham/1204-Maroon-Dr-27713/home/43600173,35.9145541,-78.9160709
Single Family Residential,5416 Whisperwood Dr,Durham,NC,27713,499999,4,2.5,Audubon Park,2206,9148,2002,6,227,41,https://www.redfin.com/NC/Durham/5416-Whisperwood-Dr-27713/home/43592656,35.8834622,-78.9024229
Single Family Residential,33 Juliette Dr,Durham,NC,27713,482300,3,2,Belcrest,1837,6970,2012,6,263,175,https://www.redfin.com/NC/Durham/33-Juliette-Dr-27713/home/43611204,35.9312323,-78.9165142
Condo/Co-op,600 Audubon Lake Dr Unit 6b13,Durham,NC,27713,178500,1,1,Brandon Ridge Spring Hill,705,,1986,6,253,182,https://www.redfin.com/NC/Durham/600-Audubon-Lake-Dr-27713/unit-6B13/home/43574672,35.9109938,-78.9474104
Townhouse,6612 Rossford Ln,Durham,NC,27713,355000,3,2.5,Cambridge at Wyndcross,1584,1742,2000,7,224,243,https://www.redfin.com/NC/Durham/6612-Rossford-Ln-27713/home/43587659,35.9058025,-78.9327101
Single Family Residential,302 Kinney Glenn Ct,Durham,NC,27713,699000,3,2.5,Chamberlynne,2561,8712,2015,7,273,58,https://www.redfin.com/NC/Durham/302-Kinney-Glenn-Ct-27713/home/102189330,35.9342033,-78.9325593
Single Family Residential,112 Victorian Oaks Dr,Durham,NC,27713,700000,5,4,Chamberlynne,2947,9147,2011,8,238,58,https://www.redfin.com/NC/Durham/112-Victorian-Oaks-Dr-27713/home/43613106,35.9354907,-78.924338
Single Family Residential,215 Graduate Ct,Durham,NC,27713,719900,4,2.5,Chancellors Ridge,2462,21344,1999,13,292,44,https://www.redfin.com/NC/Durham/215-Graduate-Ct-27713/home/43586947,35.8865506,-78.9547922
Single Family Residential,1039 Bellenden Dr,Durham,NC,27713,650000,5,3,Chelsea Meadows,3090,7840,2006,1,210,43,https://www.redfin.com/NC/Durham/1039-Bellenden-Dr-27713/home/43596724,35.8946708,-78.9433422
Single Family Residential,1028 Bellenden Dr,Durham,NC,27713,650000,3,2.5,Chelsea Meadows,2900,6970,2006,6,224,43,https://www.redfin.com/NC/Durham/1028-Bellenden-Dr-27713/home/43608330,35.8939556,-78.9430972
Single Family Residential,6 Castlewood Dr,Durham,NC,27713,2495000,4,5,Colvard Farms,4695,55756,2013,8,531,267,https://www.redfin.com/NC/Durham/6-Castlewood-Dr-27713/home/43608159,35.8681651,-78.9554006
Condo/Co-op,3325 Tarleton E,Durham,NC,27713,189000,1,1,Cornwallis,753,,1985,19,251,223,https://www.redfin.com/NC/Durham/3325-Tarleton-E-27713/home/183280558,35.9346686,-78.8949079
Single Family Residential,1009 Middleground Cir,Durham,NC,27713,775000,2,2,Courtyards at Southpoint,2085,6969,2024,9,372,250,https://www.redfin.com/NC/Durham/1009-Middleground-Cir-27713/home/193445012,35.883133,-78.935151
Single Family Residential,408 Jerome Rd,Durham,NC,27713,584950,3,2.5,Emerywood,1927,9148,2019,20,304,43,https://www.redfin.com/NC/Durham/408-Jerome-Rd-27713/home/144338535,35.940381,-78.893872
Single Family Residential,6 Gasper Ct,Durham,NC,27713,749000,4,3,Fairfield,3200,14810,1996,7,234,77,https://www.redfin.com/NC/Durham/6-Gasper-Ct-27713/home/43555724,35.8853084,-78.9285572
Single Family Residential,605 Larchwood Dr,Durham,NC,27713,345000,3,2,Forestwood,1260,8276,1995,8,274,,https://www.redfin.com/NC/Durham/605-Larchwood-Dr-27713/home/43556338,35.9463142,-78.9112364
Townhouse,214 Cedar Elm Rd,Durham,NC,27713,349000,3,3.5,Hope Valley Farms,1919,1306,2006,1,182,170,https://www.redfin.com/NC/Durham/214-Cedar-Elm-Rd-27713/home/43610930,35.945081,-78.929971
Townhouse,358 Red Elm Dr,Durham,NC,27713,299000,2,2.5,Hope Valley Farms,1084,1307,2007,6,276,170,https://www.redfin.com/NC/Durham/358-Red-Elm-Dr-27713/home/43608936,35.9442891,-78.9313437
Townhouse,3711 Ramblewood,Durham,NC,27713,320000,2,2.5,Hope Valley Farms,1431,1306,2006,6,224,170,https://www.redfin.com/NC/Durham/3711-Ramblewood-Ave-27713/home/43605411,35.944737,-78.928697
Single Family Residential,4608 Regency Dr,Durham,NC,27713,750000,6,3,Hope Valley Farms,3538,9147,2000,7,212,33,https://www.redfin.com/NC/Durham/4608-Regency-Dr-27713/home/43603137,35.9410365,-78.9340012
Townhouse,302 Red Elm Dr,Durham,NC,27713,365000,3,2.5,Hope Valley Farms,1290,2613,2006,14,283,170,https://www.redfin.com/NC/Durham/302-Red-Elm-Dr-27713/home/43605477,35.9443387,-78.9293438
Single Family Residential,1204 Caribou Xing,Durham,NC,27713,700000,4,2.5,Huntington Ridge,3043,9583,2006,16,230,85,https://www.redfin.com/NC/Durham/1204-Caribou-Xing-27713/home/43608493,35.8930711,-78.9435384
Single Family Residential,1808 Capstone Dr,Durham,NC,27713,929000,5,3.5,Jordan at Southpoint,4245,10018,2016,6,219,78,https://www.redfin.com/NC/Durham/1808-Capstone-Dr-27713/home/108513799,35.8695816,-78.9392403
Townhouse,1335 Catch Fly Ln,Durham,NC,27713,444000,3,2.5,Meadows,1825,3049,2016,19,243,190,https://www.redfin.com/NC/Durham/1335-Catch-Fly-Ln-27713/home/110075734,35.9034735,-78.9132079
Townhouse,1314 Catch Fly Ln,Durham,NC,27713,435000,3,2.5,Meadows at Southpoint,1944,2613,2016,14,224,190,https://www.redfin.com/NC/Durham/1314-Catch-Fly-Ln-27713/home/110075503,35.9036785,-78.9140388
Single Family Residential,529 Orindo Dr,Durham,NC,27713,525000,4,3,Not in a Subdivision,2053,26571,1972,14,256,,https://www.redfin.com/NC/Durham/529-Orindo-Dr-27713/home/43559177,35.929919,-78.9077029
Townhouse,1227 Seaton Rd #54,Durham,NC,27713,266000,3,2.5,Parkwood Village,1627,1306,1980,7,163,151,https://www.redfin.com/NC/Durham/1227-Seaton-Rd-27713/unit-54/home/99923860,35.8941005,-78.9150653
Townhouse,1304 Seaton Rd #24,Durham,NC,27713,325000,3,2.5,Parkwood Village,1700,1307,1973,13,191,158,https://www.redfin.com/NC/Durham/1304-Seaton-Rd-27713/unit-24/home/44524211,35.8926442,-78.9128231
Single Family Residential,5020 Mimosa Dr,Durham,NC,27713,475000,3,3,Pearson Park,2244,25700,1969,1,212,,https://www.redfin.com/NC/Durham/5020-Mimosa-Dr-27713/home/43556339,35.9397857,-78.9172855
Townhouse,1011 Canary Pepper Dr,Durham,NC,27713,500000,3,2.5,Providence at Southpoint,2122,2613,2022,6,236,175,https://www.redfin.com/NC/Durham/1011-Canary-Pepper-Dr-27713/home/176504850,35.9072784,-78.9166251
Single Family Residential,1007 Ancroft Ave,Durham,NC,27713,325000,3,2,Riddle Heights,1137,6969,1972,7,286,,https://www.redfin.com/NC/Durham/1007-Ancroft-Ave-27713/home/43543299,35.9531575,-78.8991049
Townhouse,1136 Longitude Dr,Durham,NC,27713,376000,3,2.5,Southern Pointe Townhomes,1775,3484,2020,2,212,165,https://www.redfin.com/NC/Durham/1136-Longitude-Dr-27713/home/169619377,35.9511048,-78.8891443
Townhouse,1310 Compass Dr,Durham,NC,27713,370000,3,2.5,Southern Pointe Townhomes,1783,2178,2019,1,208,165,https://www.redfin.com/NC/Durham/1310-Compass-Dr-27713/home/169619413,35.9527291,-78.8888145
Townhouse,1394 Southpoint Trl,Durham,NC,27713,415000,3,2.5,Southpoint Trails,1985,2526,2019,7,209,148,https://www.redfin.com/NC/Durham/1394-Southpoint-Trl-27713/home/147233221,35.8900535,-78.9582302
Single Family Residential,4902 Cedar Glen Dr,Durham,NC,27713,475000,3,2,Stonebridge,1475,7405,1997,13,322,34,https://www.redfin.com/NC/Durham/4902-Cedar-Glen-Dr-27713/home/43556060,35.9350338,-78.9378452
Townhouse,100 Stratford Lakes Dr #361,Durham,NC,27713,379000,2,2.5,Stratford Lakes,1536,1742,2012,4,247,185,https://www.redfin.com/NC/Durham/100-Stratford-Lakes-Dr-27713/unit-361/home/43610767,35.9443795,-78.9116611
Townhouse,4002 Cherry Blossom Cir,Durham,NC,27713,419000,3,2.5,Thaxton Place Townhomes,2180,2178,2003,15,192,170,https://www.redfin.com/NC/Durham/4002-Cherry-Blossom-Cir-27713/home/43590860,35.9420724,-78.9303948
Single Family Residential,913 S South Bend Dr,Durham,NC,27713,729900,3,2,The Hills at Southpoint,2249,8276,2011,16,325,83,https://www.redfin.com/NC/Durham/913-South-Bend-Dr-27713/home/43613073,35.8811621,-78.9449407
Townhouse,124 Poppy Trl,Durham,NC,27713,290000,3,2,The Ridges at Parkwood,1378,1742,1983,1,210,269,https://www.redfin.com/NC/Durham/124-Poppy-Trl-27713/home/43557480,35.8932565,-78.9165253
Townhouse,904 Romeria Dr,Durham,NC,27713,374900,3,2.5,Townes at Courtney Creek,1740,1742,2023,1,215,126,https://www.redfin.com/NC/Durham/904-Romeria-Dr-27713/home/182393785,35.949275,-78.892009
Townhouse,926 Romeria Dr,Durham,NC,27713,409999,3,2.5,Townes at Courtney Creek,1946,2178,2023,3,211,126,https://www.redfin.com/NC/Durham/926-Romeria-Dr-27713/home/182393775,35.9486671,-78.8920622
Townhouse,1349 Chowan Ave,Durham,NC,27713,369990,3,3,Townes at Courtney Creek,1917,2178,2025,17,193,120,https://www.redfin.com/NC/Durham/1349-Chowan-Ave-27713/home/195547361,35.9469565,-78.8930232
Single Family Residential,8 Wexford Dr,Durham,NC,27713,475000,3,2.5,Windsor Oaks,1889,7840,1988,8,251,20,https://www.redfin.com/NC/Durham/8-Wexford-Dr-27713/home/43552960,35.9310531,-78.9364248
Single Family Residential,12 Byerly Ct,Durham,NC,27713,370000,3,2.5,Woodcreek,1222,5227,1998,6,303,25,https://www.redfin.com/NC/Durham/12-Byerly-Ct-27713/home/43594516,35.9194875,-78.9137482
Townhouse,200 W Woodcroft Pkwy Unit 52a,Durham,NC,27713,289000,2,2,Woodcroft,1060,1742,1984,1,273,225,https://www.redfin.com/NC/Durham/200-W-Woodcroft-Pkwy-27713/unit-52A/home/193798955,35.9248685,-78.9314778
Single Family Residential,14 Striding Ridge Ct,Durham,NC,27713,500000,4,2,Woodcroft,1818,10018,1987,2,275,29,https://www.redfin.com/NC/Durham/14-Striding-Ridge-Ct-27713/home/43555632,35.93343,-78.9244374
Single Family Residential,4 Barkridge Ct,Durham,NC,27713,620000,5,3,Woodcroft,2622,12196,1985,1,236,29,https://www.redfin.com/NC/Durham/4-Barkridge-Ct-27713/home/43552344,35.9242255,-78.9459644
Single Family Residential,11 Bridgeport Dr,Durham,NC,27713,565000,4,2.5,Woodlake,1736,7405,1994,13,325,34,https://www.redfin.com/NC/Durham/11-Bridgeport-Dr-27713/home/43555037,35.9222806,-78.9172253
Townhouse,3114 Courtney Creek Blvd,Durham,NC,27713,300000,2,2.5,Wynterfield,1293,1307,2008,20,232,120,https://www.redfin.com/NC/Durham/3114-Courtney-Creek-Blvd-27713/home/43610598,35.9443984,-78.8881239
Townhouse,2705 Wyntercrest Ln,Durham,NC,27713,300000,2,2.5,Wynterfield,1664,1307,2005,14,180,90,https://www.redfin.com/NC/Durham/2705-Wyntercrest-Ln-27713/home/43600496,35.9430565,-78.8901487
Townhouse,2713 Wyntercrest Ln,Durham,NC,27713,325000,2,2.5,Wynterfield,1291,1742,2006,15,252,90,https://www.redfin.com/NC/Durham/2713-Wyntercrest-Ln-27713/home/43604748,35.9429179,-78.8902555
